Player,Points,Assists,Rebounds,Three Pointers Made,Turnovers,Steals,Blocks,PRA
AJ Green,9.22920634920635,1.8631746031746035,2.6930158730158733,2.635587301587302,0.7038095238095239,0.574984126984127,0.12165079365079369,13.771746031746034
AJ Johnson,0.6361111111111112,0.1842592592592593,0.19629629629629633,0.07842592592592591,0.09787037037037037,0.040092592592592596,0.012314814814814815,1.0268518518518517
Aaron Gordon,16.442307692307697,2.732051282051282,5.569230769230769,1.78008547008547,1.4572649572649572,0.7003418803418803,0.4134188034188034,24.759829059829055
Aaron Holiday,2.3294871794871796,0.5641025641025641,0.4423076923076923,0.46329059829059827,0.2649572649572649,0.17696581196581196,0.054017094017094015,3.331623931623932
Aaron Nesmith,15.948148148148148,1.8148148148148149,4.769444444444445,2.7355555555555555,1.158425925925926,1.0129629629629628,0.5363888888888889,22.493518518518517
Aaron Wiggins,14.074999999999998,1.961904761904762,4.1690476190476184,2.2329761904761907,1.0644047619047619,0.8773809523809524,0.29964285714285716,20.2
Ace Bailey,9.77863247863248,1.521794871794872,4.164529914529914,1.0066666666666666,1.550726495726496,0.5754700854700854,0.5492307692307691,15.465384615384615
Adem Bona,5.308148148148148,0.5348148148148149,4.482962962962962,0.01,0.9057777777777777,0.518962962962963,1.1609629629629628,10.337037037037039
Adou Thiero,1.1111111111111112,0.21111111111111114,0.5555555555555556,0.13666666666666666,0.12444444444444445,0.18444444444444444,0.0688888888888889,1.8888888888888888
Ajay Mitchell,14.024444444444443,3.2704761904761903,3.2136507936507943,1.3101904761904763,1.3674603174603177,1.1276507936507938,0.20742857142857143,20.49396825396826
Al Horford,6.991414141414142,1.7575757575757576,4.606565656565657,1.4912626262626263,0.6970707070707071,0.4875252525252524,0.5972727272727272,13.363636363636363
Alex Caruso,7.2,2.4448484848484853,2.6157575757575757,1.3434545454545455,0.8144848484848485,1.5103636363636364,0.5183030303030303,12.26060606060606
Alex Toohey,1.3333333333333333,0.3333333333333333,0.8666666666666667,0.24,0.20666666666666667,0.09333333333333334,0.05333333333333334,2.466666666666667
Alexandre Sarr,15.307272727272727,3.206666666666666,7.748484848484848,1.3946060606060608,2.0824848484848486,0.7355757575757575,1.6525454545454543,26.25151515151515
Alperen Sengun,21.15042735042735,6.298290598290599,9.414957264957264,0.8179059829059827,2.8456837606837606,1.2215811965811965,0.8223076923076923,36.88418803418804
Amen Thompson,16.93675213675214,5.902136752136752,6.791452991452991,0.596965811965812,2.3493589743589745,1.6851282051282055,1.0296153846153846,29.634615384615383
Amir Coffey,3.4203174603174613,0.5631746031746032,0.9863492063492065,0.4717142857142858,0.2663174603174604,0.2400952380952381,0.07215873015873016,4.991428571428573
Andre Drummond,8.027272727272727,0.9126262626262626,9.46969696969697,0.23626262626262629,1.3549494949494951,1.1124242424242423,0.7383333333333334,18.38282828282828
Andre Jackson Jr.,0.43333333333333335,0.20555555555555557,0.3222222222222222,0.05833333333333333,0.08277777777777778,0.06444444444444444,0.020555555555555556,0.9388888888888888
Andrew Nembhard,16.64761904761905,6.6,3.0253968253968253,1.872222222222222,2.163174603174603,1.2233333333333334,0.14222222222222222,26.282539682539685
Andrew Wiggins,18.65252525252525,2.8348484848484845,4.863636363636363,2.1232828282828278,2.05020202020202,1.0683333333333334,0.7573737373737374,26.35909090909091
Anfernee Simons,14.402222222222223,3.1539682539682543,2.323809523809524,2.6467936507936516,1.3904444444444446,0.5917460317460318,0.10304761904761908,19.872063492063493
Anthony Black,10.132777777777777,2.6347222222222224,3.1566666666666663,1.0100555555555555,1.7487777777777778,1.117,0.5509444444444443,15.928055555555554
Anthony Davis,19.264444444444443,2.697777777777778,8.58,0.7917777777777777,1.7433333333333334,0.918,1.4797777777777776,30.54888888888889
Anthony Edwards,28.25037037037037,4.8385185185185176,5.209629629629629,3.7542962962962965,2.741111111111111,1.2434074074074075,0.5983703703703703,38.30814814814814
Anthony Gill,0.4174603174603174,0.08253968253968254,0.21587301587301586,0.03333333333333333,0.04492063492063492,0.025079365079365083,0.013333333333333334,0.6793650793650793
Antonio Reeves,3.322222222222222,0.4666666666666667,0.7888888888888889,0.5844444444444444,0.3533333333333333,0.22333333333333336,0.06444444444444444,4.577777777777778
Ariel Hukporti,1.4675925925925926,0.39444444444444454,1.8314814814814815,0.003888888888888889,0.4927777777777778,0.1315740740740741,0.3487962962962963,3.6805555555555562
Asa Newell,0.6945454545454546,0.05030303030303031,0.4103030303030304,0.09581818181818183,0.07272727272727272,0.043151515151515156,0.039696969696969696,1.1551515151515153
Ausar Thompson,13.416666666666666,3.1371794871794867,6.367948717948717,0.35376068376068376,1.709401709401709,1.7975213675213673,0.9164529914529914,22.914102564102564
Austin Reaves,24.32074074074074,6.6000000000000005,4.578518518518518,3.0825925925925923,2.9196296296296302,1.054962962962963,0.328,35.46
Ayo Dosunmu,12.336363636363636,3.338383838383839,2.6419191919191922,1.492777777777778,1.385151515151515,0.8600505050505051,0.2893434343434344,18.31010101010101
Bam Adebayo,19.714285714285715,3.59047619047619,9.296825396825394,1.4330158730158729,2.1146031746031744,1.1514285714285715,0.6884126984126984,32.62063492063492
Baylor Scheierman,1.4772727272727275,0.42020202020202024,1.0025252525252526,0.3526262626262626,0.16525252525252526,0.19353535353535353,0.049040404040404044,2.8813131313131315
Ben Saraf,5.296825396825396,2.458730158730159,2.273015873015873,0.5222222222222223,1.1203174603174604,0.5917460317460317,0.1038095238095238,9.998412698412698
Ben Sheppard,7.575641025641025,2.0696581196581194,3.7435897435897436,1.3136752136752137,0.7332478632478632,0.7984615384615383,0.23136752136752137,13.402136752136752
Bennedict Mathurin,19.255555555555556,2.5444444444444443,5.461111111111111,1.6466666666666665,2.1783333333333332,0.7477777777777778,0.3011111111111111,27.23888888888889
Bilal Coulibaly,11.257777777777777,2.977777777777778,4.246666666666666,1.1857777777777778,1.7135555555555557,0.9186666666666667,0.5413333333333333,18.471111111111114
Bismack Biyombo,1.8380952380952382,0.4888888888888888,1.8253968253968256,0.0,0.29158730158730156,0.15,0.3623809523809524,4.133333333333334
Blake Wesley,5.6433333333333335,2.533333333333333,1.6199999999999999,0.5516666666666666,1.1573333333333333,0.7166666666666667,0.15033333333333332,9.823333333333334
Bobby Portis,10.953968253968256,1.6565079365079367,6.307301587301587,1.2204444444444449,1.018730158730159,0.5696825396825397,0.3642222222222223,18.911428571428573
Bobi Klintman,2.7977777777777777,0.6599999999999999,1.6155555555555556,0.2973333333333334,0.3673333333333333,0.23822222222222222,0.194,5.068888888888889
Bogdan Bogdanovic,6.764102564102564,1.834188034188034,1.9064102564102563,1.2567521367521368,0.8510683760683759,0.5116239316239316,0.12935897435897437,10.514102564102563
Bones Hyland,3.6873737373737376,1.1469696969696972,0.7909090909090908,0.6952020202020202,0.5693939393939393,0.34434343434343434,0.09181818181818183,5.618181818181818
Bradley Beal,12.591111111111111,2.9177777777777774,2.5,1.3777777777777778,1.4451111111111112,0.8306666666666667,0.32066666666666666,18.02
Branden Carlson,1.72991452991453,0.2504273504273504,0.9388888888888889,0.3685897435897436,0.1673931623931624,0.12824786324786322,0.2512393162393162,2.9517094017094014
Brandin Podziemski,11.955637254901962,3.3156862745098046,5.016666666666667,1.9196813725490196,1.3456617647058824,1.0114460784313726,0.19389705882352937,20.274509803921568
Brandon Ingram,20.492424242424242,4.16060606060606,5.443434343434344,1.6601515151515152,2.697222222222222,0.8133838383838384,0.5538888888888889,30.10959595959596
Brandon Miller,19.366666666666667,3.4333333333333336,4.3999999999999995,3.1133333333333333,2.026666666666667,0.89,0.5866666666666668,27.2
Brandon Williams,9.754212454212453,2.7600732600732605,2.0384615384615388,0.7642124542124542,1.5230402930402929,0.7834798534798535,0.15483516483516485,14.540659340659339
Brice Sensabaugh,8.17820512820513,1.1884615384615385,2.1769230769230767,1.618162393162393,0.9697863247863248,0.4381196581196581,0.10235042735042735,11.556837606837606
Bronny James Jr.,1.8325925925925923,0.7607407407407407,0.5844444444444444,0.25162962962962965,0.4362222222222222,0.2834814814814815,0.08629629629629632,3.2081481481481484
Brook Lopez,7.343589743589743,0.7358974358974358,2.616239316239316,1.2493162393162394,0.5945726495726495,0.3094444444444444,0.8813675213675214,10.692735042735043
Brooks Barnhizer,1.2498412698412702,0.2933333333333334,1.0092063492063494,0.14695238095238097,0.20330158730158732,0.20561904761904767,0.12196825396825399,2.5479365079365084
Bruce Brown,7.096153846153846,1.9820512820512817,3.41025641025641,0.6511538461538462,0.9623504273504273,0.7589316239316238,0.2638888888888889,12.491880341880341
Bryce McGowens,0.8357142857142857,0.19404761904761905,0.28928571428571426,0.07416666666666666,0.09797619047619048,0.06190476190476191,0.02261904761904762,1.292857142857143
Bub Carrington,8.22121212121212,4.176262626262626,3.7792929292929287,1.4203030303030304,1.5491919191919195,0.6805050505050505,0.1926262626262626,16.16111111111111
Buddy Hield,8.715931372549019,1.4605392156862744,2.397794117647059,1.9201470588235297,0.8768382352941176,0.639264705882353,0.20683823529411766,12.576715686274508
CJ McCollum,16.979292929292928,3.8989898989898992,3.6333333333333337,2.5187373737373737,1.7459595959595962,0.8158585858585858,0.33762626262626266,24.524747474747475
Cade Cunningham,26.505079365079364,9.315555555555557,5.3047619047619055,2.2241587301587304,4.02104761904762,1.1162539682539683,0.6223809523809526,41.14412698412699
Caleb Houstan,0.0,0.0,0.0,0.0,0.0,0.0,0.0,0.0
Caleb Love,4.538095238095237,1.1321428571428571,1.3154761904761905,0.7816666666666666,0.37964285714285717,0.29142857142857137,0.11142857142857143,6.983333333333333
Caleb Martin,2.5479797979797985,0.6641414141414141,1.2949494949494949,0.2732828282828283,0.39828282828282835,0.2919191919191919,0.13747474747474747,4.5540404040404034
Cam Christie,3.733939393939394,0.7054545454545454,1.4200000000000002,0.5299393939393939,0.3382424242424243,0.3321212121212121,0.136,5.841818181818183
Cam Spencer,6.940952380952381,2.544444444444445,2.0641269841269843,1.3640952380952382,0.7964444444444446,0.5054603174603175,0.1288888888888889,11.520000000000001
Cam Thomas,23.04285714285714,4.368253968253968,3.119047619047619,2.5255555555555556,2.207301587301587,0.6453968253968254,0.16253968253968254,30.568253968253966
Cam Whitmore,9.782323232323233,1.0050505050505052,3.306060606060606,1.1518686868686867,0.9660606060606062,0.6076262626262627,0.24909090909090914,14.115656565656565
Cameron Johnson,12.432828282828284,2.353030303030303,3.778282828282828,2.086969696969697,1.1861111111111111,0.868989898989899,0.3276262626262626,18.53787878787879
Caris LeVert,10.619230769230768,2.808974358974359,2.5525641025641024,1.3727350427350427,1.264358974358974,0.7952564102564103,0.34158119658119657,15.966239316239315
Carter Bryant,2.9212121212121214,0.44787878787878793,1.5515151515151515,0.466,0.3878787878787878,0.3317575757575757,0.290969696969697,4.920606060606061
Cason Wallace,9.265934065934065,3.0908424908424914,3.4860805860805857,1.4852014652014651,0.9573992673992674,1.7893040293040292,0.4992673992673994,15.844688644688645
Cedric Coward,12.60952380952381,2.295555555555556,5.275238095238096,1.498730158730159,1.4040000000000004,0.9091428571428574,0.5466984126984128,20.16031746031746
Charles Bassey,1.4277777777777778,0.26666666666666666,1.383333333333333,0.011666666666666665,0.21277777777777776,0.12777777777777777,0.26055555555555554,3.027777777777778
Chaz Lanier,1.9106837606837603,0.30897435897435893,0.5367521367521367,0.45106837606837613,0.1570940170940171,0.1942735042735043,0.043376068376068375,2.7534188034188034
Chet Holmgren,17.30959595959596,2.0484848484848484,8.034848484848485,1.7467171717171717,1.7965656565656565,0.7769696969696972,1.9817171717171713,27.39040404040404
Chris Boucher,3.7676767676767673,0.3641414141414141,2.2353535353535356,0.4986868686868687,0.276969696969697,0.22247474747474744,0.29954545454545456,6.380808080808081
Chris Manon,3.0,1.3333333333333333,0.8888888888888888,0.54,0.39111111111111113,0.31555555555555553,0.08,5.2444444444444445
Chris Paul,3.252991452991452,2.649145299145299,1.13974358974359,0.6269230769230769,0.5514957264957265,0.48358974358974366,0.08376068376068375,7.050427350427349
Chris Youngblood,1.5520146520146523,0.2586080586080587,0.45531135531135536,0.27043956043956047,0.14168498168498167,0.12956043956043958,0.03498168498168498,2.2512820512820513
Christian Braun,13.023703703703704,2.634074074074074,4.768888888888889,1.0591851851851852,1.0465925925925925,0.9914074074074075,0.41081481481481485,20.423703703703705
Christian Koloko,0.9333333333333332,0.19999999999999998,0.7999999999999999,0.006666666666666667,0.12666666666666668,0.08666666666666667,0.16333333333333333,1.9333333333333333
Clint Capela,3.964529914529914,0.47478632478632476,3.4970085470085475,0.0,0.3919658119658119,0.2598290598290598,0.46235042735042736,7.9572649572649565
Coby White,17.966666666666665,3.733333333333333,3.3000000000000003,2.3000000000000003,1.9400000000000002,0.7633333333333333,0.16333333333333333,25.0
Cody Martin,4.283333333333333,1.211111111111111,2.1888888888888887,0.6,0.6561111111111111,0.5588888888888889,0.29,7.683333333333333
Cody Williams,1.5658119658119658,0.36752136752136755,0.626068376068376,0.2441452991452991,0.2508119658119658,0.14094017094017094,0.07675213675213675,2.545299145299145
Colby Jones,0.2333333333333333,0.06666666666666667,0.09999999999999999,0.03,0.023333333333333334,0.03666666666666667,0.016666666666666666,0.43333333333333335
Cole Anthony,9.811428571428573,3.968888888888889,3.1876190476190485,1.126666666666667,1.5579047619047621,0.7026984126984129,0.43857142857142867,16.94761904761905
Collin Gillespie,10.297863247863248,4.444871794871795,3.3,2.1366239316239315,1.20991452991453,1.0063247863247862,0.24401709401709398,18.046153846153846
Collin Murray-Boyles,7.316666666666666,1.2361111111111112,3.8268518518518513,0.6680555555555556,1.0873148148148148,0.7184259259259259,0.5511111111111111,12.402777777777779
Collin Sexton,16.29040404040404,4.509090909090909,2.5000000000000004,1.4463131313131314,2.3329292929292933,0.765959595959596,0.12161616161616161,23.30707070707071
Cooper Flagg,16.42051282051282,3.6194139194139194,6.663003663003662,1.3513553113553112,2.295274725274725,1.2496703296703295,0.8209523809523811,26.717216117216118
Corey Kispert,7.9191919191919204,1.354040404040404,2.149494949494949,1.3937878787878786,0.7599494949494949,0.3147979797979798,0.13429292929292933,11.434343434343434
Craig Porter Jr.,5.993434343434344,2.5575757575757576,2.372727272727273,0.6658080808080808,1.0180808080808081,0.7055555555555555,0.34055555555555556,10.945454545454545
DAngelo Russell,12.487545787545788,4.67032967032967,2.393772893772894,1.9283882783882784,1.75,0.7747985347985347,0.28765567765567773,19.566666666666666
DaRon Holmes II,0.5,0.1,0.2,0.07,0.03,0.03,0.02,0.7
Daeqwon Plowden,0.4,0.1,0.2,0.06,0.04,0.03,0.01,0.6
Dalen Terry,0.8404040404040404,0.23787878787878786,0.30404040404040406,0.09621212121212122,0.12131313131313132,0.09964646464646466,0.04035353535353535,1.408080808080808
Dalton Knecht,6.6469696969696965,0.6757575757575758,1.8343434343434342,1.178989898989899,0.449949494949495,0.3015656565656566,0.10803030303030305,9.1489898989899
Daniel Gafford,11.158333333333333,1.287962962962963,6.74537037037037,0.0010185185185185184,1.1501851851851852,0.5977777777777779,1.6507407407407408,19.194444444444443
Daniss Jenkins,4.053846153846154,1.3413919413919413,1.0157509157509157,0.5336630036630037,0.5196336996336997,0.4278388278388278,0.09684981684981686,6.405494505494506
Danny Wolf,1.6666666666666667,0.5633333333333332,1.2833333333333334,0.12733333333333335,0.4323333333333334,0.11466666666666667,0.15133333333333335,3.5133333333333336
Dario Saric,1.772222222222222,0.4416666666666667,1.2296296296296296,0.25537037037037036,0.2350925925925926,0.12666666666666668,0.03740740740740741,3.3972222222222226
Darius Garland,16.88888888888889,6.2333333333333325,2.533333333333333,2.571111111111111,2.1333333333333333,1.108888888888889,0.1111111111111111,25.700000000000003
David Jones-Garcia,1.6666666666666667,0.26666666666666666,0.5,0.21333333333333335,0.18833333333333332,0.09999999999999999,0.035,2.433333333333333
Davion Mitchell,10.29646464646465,7.061616161616161,2.738888888888889,1.3323232323232324,1.8421717171717173,1.087020202020202,0.22207070707070706,20.105555555555558
DayRon Sharpe,6.871717171717172,1.7585858585858587,5.991919191919192,0.2553030303030303,1.281313131313131,0.6545454545454545,0.7388383838383838,14.604545454545454
DeAaron Fox,22.42,6.806666666666666,4.311111111111111,2.1648888888888886,2.947777777777778,1.525777777777778,0.39444444444444443,33.56
DeAndre Hunter,17.96239316239316,2.2175213675213676,4.413675213675213,2.6066666666666665,1.414059829059829,0.7491880341880341,0.2869230769230769,24.60940170940171
DeAndre Jordan,3.0555555555555554,0.8222222222222223,4.0,0.0033333333333333335,0.49222222222222217,0.22055555555555553,0.33166666666666667,7.844444444444444
DeAnthony Melton,0.0,0.0,0.0,0.0,0.0,0.0,0.0,0.0
DeMar DeRozan,20.279722222222222,3.867777777777778,3.9149999999999996,1.0304722222222222,1.4953888888888889,0.9175,0.4044722222222223,28.06361111111111
Dean Wade,6.251515151515152,1.4252525252525254,4.11010101010101,1.5772222222222223,0.4366161616161616,0.7276262626262626,0.4095959595959596,11.77929292929293
Deandre Ayton,15.08888888888889,1.7555555555555555,9.643939393939396,0.12000000000000004,1.920808080808081,0.8199494949494949,0.9724747474747475,26.494444444444447
Deni Avdija,23.592307692307692,5.31111111111111,7.287606837606837,2.3665384615384615,3.313803418803419,1.0594444444444444,0.5008547008547009,36.19188034188034
Dennis Schroder,12.255833333333333,4.912222222222222,2.9322222222222223,1.4664722222222224,1.8496944444444445,0.8999722222222223,0.19308333333333336,20.134999999999998
Dereck Lively II,6.957777777777778,2.0088888888888885,5.935555555555555,0.010000000000000002,0.9811111111111112,0.5617777777777778,1.2111111111111112,14.871111111111112
Derik Queen,9.714957264957263,2.0675213675213673,5.839743589743589,0.22495726495726495,1.5905982905982903,0.7910683760683762,0.5615384615384615,17.605982905982902
Derrick Jones Jr.,10.106060606060606,0.9236363636363637,3.165454545454545,1.2762424242424242,0.8446060606060607,0.8907272727272727,0.5219393939393939,14.243030303030304
Derrick White,18.839682539682542,5.645396825396826,4.502857142857144,3.5603174603174605,1.6786031746031744,1.0442857142857145,0.9721269841269842,28.971111111111117
Desmond Bane,18.935277777777774,4.404722222222222,4.911666666666668,2.276527777777778,2.2299166666666665,1.0460277777777778,0.3709722222222222,28.276944444444442
Devin Booker,28.21410256410256,7.640598290598291,3.951709401709401,2.4039316239316237,3.451837606837606,0.9753418803418804,0.2461965811965812,39.76196581196581
Devin Carter,1.2818181818181822,0.33181818181818185,0.7005050505050504,0.17025252525252524,0.18853535353535356,0.20045454545454547,0.056515151515151504,2.2999999999999994
Devin Vassell,16.24145299145299,2.939316239316239,3.9850427350427347,2.7484615384615383,1.3483760683760684,1.2494444444444444,0.46850427350427354,23.187179487179485
Dillon Brooks,16.42222222222222,2.301851851851852,3.600925925925926,2.6141666666666663,1.4950925925925926,0.9256481481481482,0.22990740740740742,22.28425925925926
Domantas Sabonis,17.07939393939394,4.268484848484848,12.831515151515154,0.767757575757576,2.6369696969696967,0.8521212121212122,0.39812121212121215,34.18242424242424
Dominick Barlow,7.38,1.2955555555555556,4.824444444444444,0.40711111111111115,0.6977777777777778,0.6042222222222222,0.7653333333333333,13.497777777777777
Donovan Clingan,9.164957264957264,1.7102564102564104,9.382905982905985,0.5508119658119658,1.282905982905983,0.7765811965811965,1.8382051282051277,20.258547008547005
Donovan Mitchell,26.92020202020202,5.961616161616161,4.417676767676768,3.572626262626263,2.529141414141414,1.37489898989899,0.33161616161616164,37.307070707070714
Donte DiVincenzo,14.032600732600734,3.995604395604395,4.132600732600732,3.312271062271062,1.5674358974358975,1.376007326007326,0.40271062271062263,22.153113553113553
Dorian Finney-Smith,0.0,0.0,0.0,0.0,0.0,0.0,0.0,0.0
Doug McDermott,0.36000000000000004,0.02666666666666667,0.08333333333333333,0.097,0.030333333333333334,0.008333333333333333,0.0026666666666666666,0.44333333333333336
Drake Powell,5.7749999999999995,1.7095238095238094,2.146428571428572,0.7359523809523809,1.0232142857142856,0.5802380952380952,0.22083333333333333,9.644047619047617
Draymond Green,8.584722222222222,5.511944444444445,6.053611111111111,1.293638888888889,2.520805555555555,1.2898888888888889,0.8405,20.178055555555556
Drew Eubanks,5.866666666666668,0.7463492063492064,4.3330158730158725,0.04546031746031747,0.7777142857142858,0.3781269841269842,0.820063492063492,10.955873015873019
Drew Peterson,2.6,0.5,1.5,0.52,0.32,0.21,0.13,4.6
Dru Smith,5.589393939393939,2.619696969696969,2.086363636363636,0.872979797979798,0.8111111111111111,1.0963636363636364,0.31353535353535356,10.296464646464646
Duncan Robinson,11.987301587301587,2.174603174603175,2.7098412698412697,2.9506031746031747,1.2209523809523812,0.7214920634920636,0.20149206349206356,16.865714285714287
Duop Reath,2.5231481481481484,0.35648148148148145,1.0231481481481481,0.4702777777777778,0.23027777777777775,0.1513888888888889,0.16935185185185184,3.903703703703704
Dwight Powell,2.1030303030303035,0.7792929292929293,1.9646464646464645,0.02636363636363636,0.37843434343434346,0.2729292929292929,0.2233333333333333,4.865656565656565
Dylan Cardwell,1.6288888888888886,0.23333333333333334,1.0644444444444445,0.14844444444444443,0.21466666666666667,0.15511111111111112,0.20244444444444445,2.982222222222222
Dylan Harper,12.866666666666667,4.066666666666666,3.683333333333333,1.0726666666666667,1.9280000000000002,1.074,0.3563333333333334,20.619999999999997
Dyson Daniels,12.454945054945055,5.0446886446886445,5.6824175824175835,0.7174358974358974,2.2494505494505495,2.8294139194139194,0.5671794871794873,23.192307692307693
EJ Liddell,1.1968253968253966,0.1841269841269841,0.4793650793650793,0.20523809523809522,0.12746031746031744,0.0819047619047619,0.0546031746031746,1.8761904761904764
Egor Demin,7.942424242424242,3.960606060606061,3.36010101010101,1.5895959595959597,2.07,0.8443939393939395,0.26005050505050503,15.253535353535357
Eli John Ndiaye,0.0,0.0,0.0,0.0,0.0,0.0,0.0,0.0
Elijah Harkless,1.853333333333333,0.4766666666666667,1.0033333333333332,0.31566666666666665,0.3043333333333333,0.40700000000000003,0.08600000000000001,3.3566666666666674
Eric Gordon,1.312037037037037,0.33148148148148154,0.2574074074074075,0.26925925925925925,0.12546296296296297,0.1,0.04648148148148148,1.8879629629629628
Evan Mobley,19.312121212121212,4.134343434343434,9.181818181818182,1.6023737373737375,2.250454545454546,0.9428282828282829,1.5988888888888888,32.65252525252526
Franz Wagner,22.798333333333332,4.4719444444444445,5.583611111111111,1.8386666666666667,2.245138888888889,1.0728333333333333,0.3409166666666667,32.83361111111111
Fred VanVleet,0.0,0.0,0.0,0.0,0.0,0.0,0.0,0.0
GG Jackson II,2.0921212121212123,0.26969696969696977,0.7424242424242427,0.2947272727272727,0.21096969696969697,0.10024242424242424,0.06406060606060607,3.0848484848484854
Gabe Vincent,5.388888888888889,1.422222222222222,1.0555555555555556,1.3022222222222222,0.47777777777777775,0.6911111111111111,0.1377777777777778,7.866666666666666
Garrett Temple,0.0,0.0,0.0,0.0,0.0,0.0,0.0,0.0
Gary Harris,2.263095238095238,0.5785714285714286,0.8178571428571427,0.4821428571428572,0.22630952380952385,0.3446428571428572,0.10845238095238097,3.6154761904761905
Gary Payton II,3.9867647058823534,0.9992647058823529,2.0509803921568626,0.4314950980392157,0.4639460784313726,0.6847549019607843,0.19051470588235297,7.004411764705882
Gary Trent Jr.,12.135238095238094,1.5828571428571434,2.306031746031746,2.649142857142858,0.6646349206349207,1.0976825396825398,0.14396825396825402,15.989841269841271
Giannis Antetokounmpo,30.761538461538457,7.168803418803418,11.579059829059828,0.46854700854700854,2.9640598290598295,1.03017094017094,1.0457264957264956,49.49273504273504
Goga Bitadze,5.436388888888889,1.4533333333333331,5.092777777777777,0.12372222222222222,0.7746944444444445,0.5476111111111112,1.0651666666666666,11.996944444444445
Gradey Dick,7.338888888888889,0.9050505050505051,2.1909090909090905,1.1886363636363637,0.6665151515151515,0.5048484848484848,0.0855050505050505,10.433838383838385
Grayson Allen,15.773333333333337,3.864848484848485,3.7351515151515158,3.4622424242424246,1.4019999999999997,1.050181818181818,0.41309090909090906,23.35757575757576
Guerschon Yabusele,4.428787878787879,0.7252525252525253,2.5303030303030303,0.6779797979797979,0.46040404040404037,0.3341919191919192,0.14015151515151514,7.690404040404041
Gui Santos,1.771388888888889,0.48805555555555563,1.1925000000000001,0.3010277777777778,0.3004166666666666,0.18525,0.06869444444444445,3.458611111111111
Harrison Barnes,11.130341880341879,1.9423076923076923,3.367094017094017,1.8270940170940169,0.8166666666666668,0.5747008547008547,0.17410256410256408,16.44401709401709
Harrison Ingram,0.5,0.1,0.2,0.04,0.07,0.05,0.03,0.8
Herbert Jones,11.115811965811966,2.8914529914529914,3.908119658119658,1.60974358974359,1.4995726495726496,1.7235042735042736,0.5638461538461538,17.913247863247868
Hugo Gonzalez,2.266666666666667,0.638095238095238,1.3396825396825398,0.2886031746031747,0.32717460317460323,0.3835873015873017,0.11311111111111116,4.230793650793651
Hunter Dickinson,0.4,0.1,0.3,0.02,0.06,0.02,0.03,0.8
Hunter Sallis,0.8,0.2,0.3,0.09,0.11,0.06,0.02,1.2
Hunter Tyson,0.6175925925925926,0.1,0.3212962962962963,0.13046296296296298,0.05722222222222223,0.05324074074074075,0.022129629629629628,1.010185185185185
Immanuel Quickley,16.805555555555557,6.085858585858586,4.143939393939394,2.487121212121212,1.7826767676767676,1.0001010101010102,0.1665151515151515,27.026767676767676
Isaac Jones,1.8416666666666666,0.1777777777777778,0.9453703703703703,0.04953703703703703,0.18703703703703703,0.12074074074074075,0.12314814814814816,2.9537037037037037
Isaac Okoro,7.586868686868687,1.4686868686868688,2.685353535353536,1.1073737373737373,0.8789898989898991,0.7651010101010101,0.39994949494949494,11.767676767676768
Isaiah Collier,7.242857142857143,4.841666666666667,2.5476190476190474,0.5545238095238095,2.1182142857142856,0.7382142857142858,0.18083333333333332,14.638095238095238
Isaiah Crawford,0.0,0.0,0.0,0.0,0.0,0.0,0.0,0.0
Isaiah Hartenstein,11.053333333333335,3.245396825396826,10.05809523809524,0.110952380952381,1.677904761904762,1.0483809523809524,0.9601904761904763,24.361587301587303
Isaiah Jackson,8.695299145299144,1.2162393162393161,5.917948717948717,0.02534188034188034,1.1805982905982906,0.7267521367521368,1.277991452991453,15.838034188034186
Isaiah Joe,10.664848484848484,1.5103030303030305,2.542424242424242,2.705090909090909,0.6384848484848485,0.6114545454545456,0.16854545454545455,14.723030303030304
Isaiah Livers,3.0607142857142855,0.5357142857142857,1.1821428571428572,0.6798809523809525,0.31869047619047614,0.2935714285714286,0.18678571428571425,4.769047619047619
Isaiah Stewart,8.92929292929293,1.5641414141414143,5.885858585858587,0.7587373737373738,1.0896969696969698,0.4416161616161616,1.3816666666666668,16.38232323232323
Ivica Zubac,16.362393162393165,2.5205128205128204,11.006410256410255,0.013547008547008549,1.637991452991453,0.5724358974358975,1.133974358974359,29.91282051282051
JD Davison,0.7666666666666667,0.2666666666666667,0.23333333333333328,0.1388888888888889,0.10666666666666666,0.08222222222222222,0.02333333333333333,1.2666666666666666
Ja Morant,23.981623931623933,7.88931623931624,4.117521367521366,1.7338461538461536,3.50940170940171,1.1273931623931623,0.23987179487179483,35.99529914529914
JaKobe Walter,3.52,0.6837037037037036,1.305925925925926,0.5925925925925927,0.3939259259259259,0.33548148148148144,0.08940740740740741,5.491111111111111
Jabari Smith Jr.,13.884615384615385,1.4166666666666667,6.094444444444444,1.975384615384615,1.1849999999999998,0.6491452991452991,0.7213675213675214,21.388461538461538
Jabari Walker,4.338888888888889,0.6102564102564102,3.0247863247863243,0.35858974358974355,0.4808119658119658,0.3787606837606838,0.17525641025641028,7.972649572649573
Jackson Rowe,2.2666666666666666,0.4666666666666666,1.2666666666666666,0.27999999999999997,0.4266666666666667,0.17333333333333334,0.09999999999999999,4.0
Jacob Toppin,0.0,0.0,0.0,0.0,0.0,0.0,0.0,0.0
Jaden Hardy,2.7864468864468868,0.41831501831501827,0.5732600732600732,0.47263736263736267,0.39776556776556776,0.1506959706959707,0.03216117216117217,3.7695970695970695
Jaden McDaniels,14.597435897435897,2.227777777777778,5.087606837606838,1.3871367521367521,1.1642307692307692,1.1712393162393162,0.8788461538461538,21.897435897435898
JaeSean Tate,0.8377777777777777,0.17777777777777776,0.4074074074074074,0.07051851851851851,0.10051851851851852,0.0971111111111111,0.03459259259259259,1.4125925925925926
Jahmai Mashack,1.0333333333333334,0.43333333333333335,0.7333333333333334,0.1466666666666667,0.2233333333333333,0.36333333333333334,0.08333333333333333,2.1999999999999997
Jahmir Young,0.3111111111111111,0.1111111111111111,0.1111111111111111,0.042222222222222223,0.04666666666666667,0.024444444444444446,0.006666666666666666,0.5333333333333333
Jahmyl Telfort,0.4,0.1,0.2,0.04,0.04,0.03,0.01,0.6
Jaime Jaquez Jr.,13.867676767676766,4.118181818181819,5.823232323232323,0.7277272727272728,1.918181818181818,1.0190404040404042,0.25727272727272726,23.789393939393936
Jake LaRavia,9.347979797979798,2.2868686868686865,4.252525252525252,1.287878787878788,1.3008585858585857,1.1017171717171719,0.3763131313131314,15.917171717171717
Jakob Poeltl,10.672592592592592,2.008148148148148,8.19111111111111,0.016370370370370372,1.4914814814814814,0.9286666666666666,1.0574074074074074,20.894074074074073
Jalen Brunson,25.631851851851856,6.98962962962963,3.444444444444444,2.4947407407407405,2.306296296296296,0.9426666666666667,0.12096296296296295,36.07851851851852
Jalen Duren,16.414285714285715,2.5228571428571427,11.316825396825397,0.010000000000000002,1.9346984126984133,0.7465396825396827,1.1916825396825397,30.24888888888889
Jalen Green,15.033333333333331,3.0666666666666664,3.266666666666667,2.0033333333333334,1.74,0.6266666666666666,0.22666666666666666,21.366666666666664
Jalen Johnson,19.71794871794872,5.373626373626373,9.08058608058608,1.2321978021978022,2.7957142857142854,1.3915018315018313,0.7769963369963371,34.145054945054945
Jalen Pickett,1.0781818181818181,0.5636363636363637,0.39333333333333337,0.2127272727272727,0.15775757575757576,0.1013939393939394,0.02824242424242424,2.0230303030303034
Jalen Smith,9.140404040404043,1.0424242424242423,5.281818181818182,1.3641414141414143,0.7847979797979797,0.3178282828282828,0.611919191919192,15.48131313131313
Jalen Suggs,11.904040404040405,3.4464646464646465,3.262626262626263,1.6856565656565656,1.9989393939393938,1.2910101010101012,0.4698989898989898,18.592929292929295
Jalen Williams,0.0,0.0,0.0,0.0,0.0,0.0,0.0,0.0
Jalen Wilson,4.75959595959596,0.8449494949494949,1.433838383838384,0.7998484848484848,0.5331313131313131,0.2726767676767677,0.04994949494949495,7.023737373737373
Jamal Cain,0.2333333333333333,0.03333333333333333,0.09999999999999999,0.03666666666666667,0.02666666666666667,0.02666666666666667,0.01,0.3666666666666667
Jamal Murray,21.287606837606837,6.055128205128205,4.00042735042735,2.637564102564103,2.053034188034188,1.271880341880342,0.4235897435897436,31.35982905982906
Jamal Shead,6.1,4.212626262626263,1.5949494949494951,0.9129292929292929,1.1585353535353535,0.7207070707070707,0.13025252525252526,11.884848484848485
James Harden,23.12222222222222,8.778282828282828,5.345959595959595,3.2347474747474747,4.137929292929292,1.3802525252525255,0.6889898989898989,37.247979797979795
James Wiseman,0.9,0.1,0.6,0.01,0.13,0.03,0.06,1.6
Jamir Watkins,0.5,0.1,0.3,0.06,0.08,0.06,0.02,0.9
Jamison Battle,1.2272727272727273,0.17373737373737372,0.5141414141414142,0.3014646464646465,0.10424242424242423,0.07676767676767676,0.036212121212121216,1.9166666666666667
Jarace Walker,11.72136752136752,3.065384615384615,5.1350427350427355,1.9432051282051281,1.9105555555555556,1.0633760683760682,0.5485897435897436,19.937179487179485
Jared McCain,6.277777777777778,1.288888888888889,1.1933333333333334,0.8657777777777778,0.6913333333333332,0.3646666666666667,0.06044444444444444,8.764444444444443
Jaren Jackson Jr.,20.22930402930403,2.0589743589743588,5.583150183150185,1.8972161172161173,1.9632967032967032,1.113150183150183,1.5427106227106229,27.855677655677656
Jarred Vanderbilt,5.062626262626264,1.4409090909090907,5.167676767676768,0.3118686868686869,0.913939393939394,1.0608585858585857,0.3043434343434344,11.65757575757576
Jarrett Allen,14.217094017094018,1.892735042735043,8.891452991452992,0.04213675213675213,1.2976923076923077,0.8587179487179486,0.8488461538461538,24.97692307692308
Jase Richardson,1.137037037037037,0.3111111111111111,0.36759259259259264,0.13148148148148148,0.1312962962962963,0.1062962962962963,0.04240740740740741,1.7972222222222223
Javon Small,6.546666666666667,3.3244444444444445,1.8599999999999999,0.9122222222222223,1.6415555555555557,0.5342222222222222,0.14600000000000002,11.75111111111111
Javonte Cooke,0.0,0.0,0.0,0.0,0.0,0.0,0.0,0.0
Javonte Green,5.944126984126985,0.9596825396825398,3.035873015873016,0.8086984126984129,0.5156507936507937,0.8509523809523811,0.42015873015873023,9.933015873015874
Jaxson Hayes,4.3533333333333335,0.8751515151515152,3.3557575757575755,0.028969696969696968,0.5484242424242425,0.42266666666666663,0.5393333333333334,8.584848484848486
Jay Huff,6.435470085470085,0.7829059829059829,2.5773504273504275,1.2087179487179485,0.6124786324786324,0.317008547008547,0.8517948717948718,9.798290598290597
Jaylen Brown,24.89587301587302,4.9346031746031755,5.848888888888889,2.0739682539682542,2.9623492063492063,1.1290158730158733,0.31460317460317466,35.682539682539684
Jaylen Clark,4.983516483516484,0.9175824175824177,2.1743589743589746,0.6306593406593407,0.45450549450549443,0.9731501831501832,0.14113553113553112,8.072161172161172
Jaylen Wells,10.974285714285713,1.9276190476190478,3.5142857142857147,1.9329841269841275,0.9564761904761906,0.6724126984126985,0.14234920634920636,16.40666666666667
Jaylin Williams,6.1941391941391934,2.124542124542125,4.787179487179487,1.4047619047619049,0.7405860805860807,0.5291575091575091,0.5475824175824177,13.109890109890111
Jaylon Tyson,7.321428571428572,1.730952380952381,3.5,1.0661904761904761,1.0414285714285714,0.6032142857142857,0.26559523809523805,12.560714285714285
Jeff Green,0.5428571428571428,0.0642857142857143,0.1714285714285714,0.08166666666666667,0.0455952380952381,0.024285714285714285,0.023928571428571428,0.7571428571428572
Jerami Grant,17.227350427350423,2.099145299145299,3.23974358974359,2.2995726495726494,1.4435470085470083,0.8184188034188035,0.6609401709401709,22.55128205128205
Jeremiah Fears,12.819658119658119,3.4944444444444445,3.0478632478632477,1.1405555555555555,2.111752136752137,1.2104700854700856,0.17367521367521366,19.37991452991453
Jeremiah Robinson-Earl,6.283333333333333,1.0537037037037036,4.478703703703704,0.8306481481481481,0.7028703703703704,0.5576851851851852,0.19120370370370368,11.82037037037037
Jeremy Sochan,7.58095238095238,1.9154761904761906,4.0928571428571425,0.5441666666666667,1.1608333333333334,0.57,0.3397619047619047,13.615476190476192
Jericho Sims,0.8661616161616162,0.297979797979798,1.578282828282828,0.0,0.22045454545454546,0.1054040404040404,0.18444444444444447,2.7116161616161616
Jett Howard,2.302197802197802,0.40402930402930404,0.6098901098901099,0.5534432234432235,0.2293040293040293,0.1261904761904762,0.08725274725274726,3.3285714285714283
Jevon Carter,0.9273809523809525,0.22976190476190475,0.22738095238095238,0.22654761904761908,0.0775,0.07,0.030476190476190476,1.3845238095238095
Jimmy Butler,18.906388888888888,5.171388888888889,5.778888888888889,0.9158888888888889,1.5993611111111112,1.5536666666666665,0.34500000000000003,29.866944444444442
Joan Beringer,0.75,0.13333333333333333,0.4222222222222222,0.06055555555555556,0.09222222222222222,0.05833333333333333,0.04833333333333334,1.2944444444444445
Jock Landale,8.611111111111112,1.6755555555555557,5.940317460317461,0.7074285714285715,1.1,0.5462857142857143,0.6435238095238095,16.21904761904762
Joe Ingles,0.8833333333333333,0.4777777777777778,0.3277777777777778,0.19666666666666668,0.14888888888888888,0.10166666666666667,0.02,1.7055555555555557
Joel Embiid,19.256666666666668,3.85,7.1899999999999995,1.3086666666666666,2.145,0.6633333333333333,0.8043333333333335,30.323333333333334
John Collins,14.644871794871792,1.297863247863248,6.24102564102564,1.2226068376068375,1.6240170940170937,0.637008547008547,0.7693162393162394,22.170940170940174
John Konchar,2.1330158730158737,0.794920634920635,2.1898412698412697,0.39019047619047625,0.31574603174603183,0.4526031746031746,0.24361904761904768,5.143809523809525
Johni Broome,0.4,0.1,0.3,0.02,0.07,0.03,0.06,0.9
Johnny Furphy,3.7133333333333334,0.7533333333333334,2.4033333333333338,0.5830000000000001,0.516,0.4786666666666667,0.30866666666666664,6.906666666666668
Johnny Juzang,1.0777777777777777,0.13333333333333333,0.33888888888888885,0.2333333333333333,0.06388888888888888,0.07166666666666667,0.022777777777777775,1.5833333333333333
Jonas Valanciunas,7.12051282051282,1.2311965811965813,5.079487179487178,0.15636752136752136,0.8644444444444443,0.275042735042735,0.41790598290598285,13.423504273504273
Jonathan Isaac,3.4794444444444443,0.3597222222222222,2.845833333333333,0.4303333333333333,0.32519444444444445,0.5753333333333333,0.6176388888888888,6.683055555555556
Jonathan Kuminga,16.95940170940171,2.95940170940171,6.043589743589743,1.2327350427350428,2.0839743589743587,0.8727350427350427,0.4288888888888889,25.945726495726497
Jonathan Mogbo,1.349206349206349,0.4,1.1142857142857143,0.06333333333333332,0.21888888888888888,0.19190476190476188,0.12158730158730158,2.8666666666666667
Jordan Clarkson,10.645454545454546,1.9454545454545453,2.190909090909091,1.4618686868686868,1.3102020202020201,0.47252525252525257,0.12707070707070706,14.811616161616163
Jordan Goodwin,4.224358974358974,1.3816239316239316,2.488888888888889,0.6564102564102564,0.6907692307692308,0.7115384615384616,0.27132478632478635,8.088034188034188
Jordan Hawkins,5.5991452991453,0.7594017094017094,1.6555555555555554,1.0528632478632478,0.5215811965811965,0.3175213675213675,0.1527350427350427,8.005982905982904
Jordan McLaughlin,2.480952380952381,1.7253968253968255,0.9031746031746033,0.4615873015873016,0.3719047619047619,0.5453968253968254,0.06857142857142857,5.098412698412699
Jordan Miller,4.522222222222222,0.8055555555555557,1.5722222222222222,0.4038888888888888,0.4994444444444444,0.3338888888888889,0.13444444444444445,6.8999999999999995
Jordan Poole,17.390476190476186,4.017460317460317,2.9095238095238094,2.9146031746031746,2.291111111111111,1.1004761904761904,0.3179365079365079,24.31746031746032
Jordan Walsh,2.957575757575758,0.8318181818181819,2.4919191919191923,0.479949494949495,0.44873737373737366,0.43257575757575756,0.25575757575757574,6.264646464646464
Jose Alvarado,6.697863247863247,2.715811965811966,1.9196581196581195,1.2655128205128203,0.9511965811965811,0.9918803418803418,0.1777350427350427,11.347435897435897
Josh Giddey,19.936868686868692,8.15151515151515,8.483333333333334,1.615909090909091,3.518787878787879,1.1927272727272726,0.6083333333333333,36.571717171717175
Josh Hart,9.835757575757578,4.323030303030303,7.252121212121212,1.040121212121212,1.3937575757575758,0.9980606060606059,0.26842424242424245,21.392727272727274
Josh Minott,6.995238095238095,1.3161904761904761,3.9793650793650794,0.9076190476190478,0.6493968253968254,0.9006031746031747,0.6424761904761904,12.283492063492066
Josh Okogie,7.977350427350426,1.1645299145299144,2.644017094017094,1.0114957264957265,0.8311965811965811,1.2114529914529915,0.47700854700854695,11.770512820512819
Jrue Holiday,15.853939393939395,6.6454545454545455,4.504848484848486,2.4855151515151515,2.18830303030303,1.2334545454545456,0.47296969696969693,27.03636363636364
Julian Champagnie,9.703846153846156,1.7576923076923072,4.388888888888888,2.0036752136752134,0.9503418803418803,0.8887606837606836,0.47730769230769227,15.844444444444443
Julian Phillips,1.5418181818181818,0.19696969696969696,0.6545454545454545,0.21060606060606057,0.15224242424242426,0.15690909090909091,0.08709090909090908,2.42
Julian Strawther,2.4020202020202017,0.4040404040404041,0.6681818181818182,0.39651515151515154,0.2270707070707071,0.15858585858585858,0.0694949494949495,3.4979797979797973
Julius Randle,22.015018315018317,5.5747252747252745,7.283150183150184,1.8736630036630035,2.6575457875457875,0.8061538461538462,0.3046520146520147,34.869230769230775
Justin Champagnie,2.8636363636363638,0.4787878787878788,2.266060606060606,0.37709090909090914,0.32751515151515154,0.36351515151515146,0.19624242424242422,5.61090909090909
Justin Edwards,5.111616161616162,0.8742424242424243,1.7989898989898991,0.9540909090909092,0.5904545454545453,0.5183838383838384,0.2108080808080808,7.766161616161615
Jusuf Nurkic,9.772222222222224,3.0824786324786326,8.668803418803419,0.6124358974358974,2.0538461538461537,0.8671367521367522,0.6829059829059829,21.504700854700854
KJ Simpson,5.401587301587301,2.1206349206349207,1.7777777777777775,0.8125396825396825,0.9607936507936508,0.4638095238095237,0.12873015873015872,9.35079365079365
Karl-Anthony Towns,22.718686868686866,3.155050505050505,11.459595959595958,2.113939393939394,2.498232323232324,0.7728787878787878,0.6673737373737373,37.32323232323233
Karlo Matkovic,2.768484848484849,0.4315151515151515,1.7212121212121214,0.17775757575757578,0.33957575757575764,0.18133333333333335,0.3143636363636364,4.951515151515153
Kawhi Leonard,22.35333333333333,3.43,5.9,2.0896666666666666,1.7570000000000001,1.6666666666666667,0.6513333333333333,31.616666666666667
Keaton Wallace,4.2183150183150175,2.0769230769230766,1.1728937728937732,0.7546886446886447,0.7574358974358975,0.5336263736263737,0.18377289377289377,7.467765567765569
Keegan Murray,10.6,1.2,5.4,1.92,0.77,0.71,0.73,17.1
Keldon Johnson,12.047435897435898,2.082051282051282,5.014102564102564,1.0774358974358975,1.075128205128205,0.6478632478632479,0.24346153846153845,19.170512820512823
Kelel Ware,11.012626262626261,0.9242424242424241,8.824747474747475,0.9123232323232323,1.1847979797979797,0.7481818181818182,1.136969696969697,20.74949494949495
Kelly Olynyk,4.0773809523809526,1.7345238095238098,2.1833333333333336,0.3527380952380952,0.8259523809523809,0.3617857142857142,0.1829761904761905,8.013095238095238
Kelly Oubre Jr.,14.896296296296297,1.7251851851851854,5.385185185185185,1.6075555555555558,1.3405185185185184,1.379185185185185,0.522962962962963,22.00814814814815
Kenrich Williams,0.0,0.0,0.0,0.0,0.0,0.0,0.0,0.0
Kentavious Caldwell-Pope,8.870793650793651,2.5552380952380958,2.440634920634921,1.489206349206349,0.9234920634920636,1.018126984126984,0.33888888888888896,13.86031746031746
Keon Ellis,6.146944444444444,0.9555555555555556,1.9825,1.3792777777777776,0.5585555555555556,1.1598333333333333,0.472,9.081944444444446
Keshad Johnson,0.9333333333333333,0.1634920634920635,0.7476190476190475,0.07682539682539681,0.13079365079365082,0.08047619047619048,0.08523809523809522,1.7999999999999998
Kevin Durant,26.24957264957265,3.932478632478632,5.1038461538461535,2.2169658119658116,2.813461538461538,0.8727777777777778,1.00525641025641,35.29786324786324
Kevin Huerter,11.914141414141415,2.3565656565656563,3.1702020202020207,2.1452020202020203,1.1357575757575757,0.8829292929292929,0.3474242424242424,17.43232323232323
Kevin Love,4.496296296296296,1.1324074074074073,3.066666666666667,0.7711111111111111,0.607037037037037,0.2127777777777778,0.11870370370370373,8.680555555555557
Kevin Porter Jr.,13.6,5.7,4.9,1.17,1.94,1.38,0.27,24.2
Kevon Harris,0.09999999999999999,0.03333333333333333,0.03333333333333333,0.006666666666666667,0.01,0.01,0.0033333333333333335,0.16666666666666666
Kevon Looney,3.2535714285714286,1.1976190476190476,4.2250000000000005,0.016666666666666666,0.5075,0.36166666666666664,0.35773809523809524,8.683333333333332
Keyonte George,18.818376068376068,6.46025641025641,3.6303418803418808,2.4208119658119656,2.911068376068376,0.7811538461538462,0.17213675213675214,28.895726495726496
Khaman Maluach,1.1064814814814814,0.12314814814814816,0.9851851851851853,0.024166666666666666,0.16342592592592592,0.039259259259259265,0.1819444444444445,2.2018518518518517
Khris Middleton,11.411515151515152,3.1206060606060606,3.9757575757575765,1.1469696969696968,1.6594545454545455,0.7933939393939393,0.18824242424242424,18.49878787878788
Klay Thompson,11.03003663003663,1.792673992673993,2.554212454212454,2.4213919413919416,1.0686080586080589,0.5185714285714286,0.292051282051282,15.350549450549451
Kobe Brown,1.496969696969697,0.41333333333333333,0.9927272727272729,0.19466666666666668,0.21945454545454549,0.1376969696969697,0.06963636363636365,2.933939393939394
Kobe Sanders,7.090000000000001,1.5133333333333334,2.43,1.145,0.9636666666666667,0.623,0.22100000000000003,10.986666666666668
Kon Knueppel,15.289743589743592,2.9354700854700857,5.105555555555556,3.0065811965811964,1.9682905982905983,0.8156410256410257,0.23337606837606836,23.321794871794875
Kris Dunn,6.825641025641027,2.811538461538462,3.117094017094017,0.9573076923076923,1.1723076923076923,1.7114957264957265,0.4050000000000001,12.765384615384614
Kris Murray,5.795299145299145,1.3833333333333333,3.4581196581196574,0.6063247863247864,0.8393589743589743,0.8057692307692307,0.3174786324786325,10.629059829059829
Kristaps Porzingis,18.186363636363634,2.3499999999999996,6.382828282828282,2.000808080808081,1.51010101010101,0.738989898989899,1.4037878787878788,26.931818181818183
Kyle Anderson,1.0527777777777776,0.3472222222222222,0.5092592592592593,0.05101851851851852,0.11953703703703704,0.12185185185185185,0.06657407407407406,1.897222222222222
Kyle Filipowski,9.285470085470084,2.0128205128205128,5.466666666666667,1.1013675213675214,1.2750000000000001,0.6218376068376068,0.2786752136752137,16.765811965811967
Kyle Kuzma,12.225396825396826,2.1104761904761906,4.506349206349207,1.164952380952381,1.667936507936508,0.48809523809523814,0.3707936507936509,18.8568253968254
Kyle Lowry,0.9266666666666669,0.67,0.4033333333333334,0.19399999999999998,0.16733333333333336,0.147,0.04766666666666667,1.9866666666666666
Kyshawn George,13.312626262626265,3.6843434343434347,5.957575757575757,2.071010101010101,1.9928787878787877,1.0934848484848485,0.8438888888888889,22.958080808080812
LaMelo Ball,22.920238095238094,7.901190476190475,5.2559523809523805,3.549047619047619,3.311547619047619,1.2346428571428572,0.2563095238095238,36.1
Landry Shamet,7.123232323232323,1.0282828282828282,1.6358585858585861,1.5608080808080809,0.5950000000000001,0.4628787878787879,0.1256060606060606,9.826262626262626
Larry Nance Jr.,5.186752136752136,1.1286324786324784,3.155982905982906,0.6185470085470084,0.5227350427350427,0.621196581196581,0.2578632478632479,9.481623931623933
Lauri Markkanen,24.82264957264957,1.8598290598290599,6.027350427350428,3.48034188034188,1.4386324786324785,0.7689316239316241,0.4072222222222222,32.719230769230776
LeBron James,11.133333333333333,3.1333333333333333,3.4,1.02,1.4133333333333333,0.6,0.36000000000000004,17.733333333333334
Leonard Miller,0.8238095238095239,0.14285714285714285,0.45555555555555555,0.06761904761904762,0.08333333333333333,0.08063492063492064,0.04031746031746032,1.4047619047619047
Liam McNeeley,4.162222222222222,1.0185185185185184,1.9414814814814816,0.5856296296296296,0.6494074074074074,0.2546666666666667,0.12044444444444445,7.1066666666666665
Lindy Waters III,2.107936507936508,0.4746031746031745,0.8523809523809524,0.5279365079365079,0.18047619047619048,0.18555555555555556,0.09396825396825396,3.4063492063492062
Lonzo Ball,7.341481481481481,4.671111111111111,3.3962962962962964,1.8657777777777775,1.5611851851851852,1.0622962962962965,0.3330370370370371,15.419999999999998
Luguentz Dort,9.704848484848485,1.75030303030303,3.874545454545455,2.1918181818181823,0.8936363636363637,1.0314545454545454,0.45503030303030306,15.315151515151515
Luka Doncic,32.806481481481484,8.752777777777778,8.442592592592593,3.8350000000000004,3.9338888888888883,1.6619444444444444,0.5125925925925926,49.98888888888889
Luka Garza,6.642490842490841,0.8531135531135532,3.591208791208791,0.6959340659340659,0.663076923076923,0.34494505494505495,0.23714285714285713,11.093772893772893
Luke Kennard,7.930402930402932,2.3150183150183152,2.2622710622710622,1.4967399267399268,1.0883516483516482,0.6199633699633699,0.096996336996337,12.512454212454212
Luke Kornet,8.04761904761905,2.2071428571428573,6.408333333333334,0.012976190476190476,0.7067857142857142,0.586547619047619,1.2319047619047618,16.683333333333334
Luke Travers,0.8407407407407407,0.24296296296296294,0.5399999999999999,0.07614814814814815,0.1411111111111111,0.06792592592592593,0.08133333333333334,1.6444444444444446
Mac McClung,3.08,0.64,0.9333333333333332,0.436,0.4176666666666667,0.3066666666666667,0.09533333333333334,4.633333333333334
Malaki Branham,0.8733333333333333,0.18000000000000002,0.18000000000000002,0.13066666666666668,0.11133333333333334,0.034333333333333334,0.006333333333333333,1.2333333333333334
Malik Monk,13.196703296703298,2.9395604395604393,2.8564102564102565,1.774761904761905,1.730879120879121,0.7246886446886447,0.4216117216117216,19.00586080586081
Marcus Sasser,4.7444444444444445,1.6333333333333335,0.9444444444444444,0.8711111111111111,0.6444444444444445,0.4,0.07444444444444445,7.288888888888888
Marcus Smart,9.414814814814815,3.592592592592593,2.427407407407408,1.46637037037037,1.8174814814814817,1.647037037037037,0.29614814814814816,15.441481481481482
Mark Sears,0.4,0.1,0.1,0.05,0.04,0.03,0.01,0.6
Mark Williams,13.192727272727273,1.6575757575757575,9.050303030303029,0.014848484848484849,1.3402424242424242,0.7480606060606061,1.2275757575757578,23.895151515151515
Marvin Bagley,6.834343434343435,0.8974747474747475,4.756060606060606,0.2865151515151515,0.7583333333333334,0.3619191919191919,0.462979797979798,12.495454545454546
Mason Plumlee,1.0305555555555554,0.3305555555555556,1.1898148148148149,0.0012037037037037038,0.17953703703703705,0.08685185185185186,0.09601851851851853,2.5370370370370363
Matas Buzelis,15.53080808080808,1.62020202020202,5.154545454545454,1.9308585858585856,1.756161616161616,0.7277272727272729,1.288838383838384,22.326262626262622
Matisse Thybulle,5.277777777777778,1.2999999999999998,1.9111111111111112,0.985,0.4711111111111111,1.2905555555555555,0.4155555555555555,8.388888888888888
Max Christie,10.565201465201463,2.1179487179487184,3.254578754578755,1.9321245421245425,1.1683882783882784,0.7789010989010992,0.35681318681318686,15.917948717948718
Maxi Kleber,0.43333333333333335,0.1766666666666667,0.3333333333333333,0.07233333333333333,0.073,0.03933333333333334,0.061000000000000006,0.92
Maxime Raynaud,2.423076923076923,0.4337606837606838,1.635042735042735,0.24042735042735044,0.32380341880341884,0.16705128205128203,0.1687179487179487,4.483333333333334
Micah Peavy,2.1654545454545455,0.5696969696969697,1.2515151515151517,0.23957575757575758,0.32751515151515154,0.22375757575757574,0.1255757575757576,3.986060606060606
Michael Porter Jr.,20.91068376068376,2.5829059829059826,6.787606837606837,3.0821794871794874,1.7231196581196577,0.6661965811965812,0.4474786324786325,30.291025641025637
Mikal Bridges,15.697474747474748,4.402525252525253,4.205555555555555,2.0356060606060606,1.3993434343434343,1.156010101010101,0.5286363636363637,24.28989898989899
Mike Conley,7.0336996336996345,3.8710622710622706,2.0791208791208793,1.44989010989011,0.8726007326007326,0.904029304029304,0.17608058608058608,12.986080586080588
Miles Bridges,21.505555555555556,4.048290598290598,7.268376068376069,2.7857692307692306,2.0132905982905984,0.7706410256410257,0.5947008547008548,32.82222222222222
Miles Kelly,0.4,0.1,0.2,0.04,0.04,0.03,0.01,0.6
Miles McBride,9.230303030303029,2.949090909090909,2.4987878787878786,1.9195151515151516,0.6686060606060606,1.0004848484848485,0.23521212121212123,14.676969696969696
Mitchell Robinson,5.536904761904762,0.8880952380952382,6.979761904761904,0.01,0.6220238095238095,0.7236904761904762,1.17,13.382142857142858
Mohamed Diawara,0.4966666666666667,0.07666666666666667,0.26666666666666666,0.04900000000000001,0.06699999999999999,0.03166666666666667,0.028000000000000004,0.8533333333333334
Monte Morris,2.364444444444444,0.8711111111111112,0.6311111111111112,0.3304444444444445,0.24355555555555558,0.20311111111111113,0.04711111111111111,3.888888888888889
Moses Moody,10.229722222222222,1.4144444444444446,2.824444444444444,1.9419444444444445,0.8491944444444445,0.7140555555555554,0.3574722222222222,14.456944444444444
Mouhamed Gueye,4.920879120879121,0.7523809523809524,2.998901098901099,0.6497069597069597,0.48373626373626377,0.5156776556776558,0.6306227106227107,8.671794871794873
Moussa Cisse,2.566666666666667,0.27738095238095234,2.3380952380952382,0.07166666666666667,0.5417857142857142,0.22785714285714287,0.4839285714285715,5.192857142857143
Moussa Diabate,8.573504273504275,0.9059829059829061,7.775213675213676,0.015042735042735043,1.004188034188034,0.7876068376068376,0.7674786324786326,17.26794871794872
Myles Turner,14.061904761904763,1.7828571428571427,6.557777777777778,2.1693015873015873,1.458666666666667,0.7673650793650795,1.9476190476190485,22.415238095238095
NFaly Dante,0.6555555555555556,0.06666666666666667,0.37777777777777777,0.025000000000000005,0.08444444444444443,0.05666666666666667,0.058888888888888886,1.0999999999999999
NaeQwan Tomlin,3.3259259259259264,0.3266666666666667,1.7762962962962965,0.21385185185185185,0.30777777777777776,0.2034074074074074,0.20970370370370367,5.401481481481481
Naji Marshall,9.840293040293039,2.4388278388278386,4.136630036630037,0.7743956043956043,1.3085347985347984,0.8692307692307693,0.17886446886446888,16.454212454212456
Naz Reid,13.08791208791209,1.8684981684981683,5.5106227106227115,1.9426739926739929,1.240989010989011,0.7787179487179487,0.8351648351648352,20.436996336996337
Neemias Queta,8.80888888888889,1.670793650793651,7.949841269841271,0.02146031746031746,1.1700000000000002,0.6550793650793652,1.240603174603175,18.441904761904762
Nick Richards,4.582905982905983,0.37350427350427357,3.51025641025641,0.010726495726495726,0.6062393162393162,0.1670940170940171,0.40769230769230763,8.466239316239315
Nick Smith Jr.,2.896428571428571,0.7333333333333333,0.5880952380952381,0.5365476190476189,0.37607142857142856,0.10654761904761904,0.043809523809523805,4.192857142857143
Nickeil Alexander-Walker,14.958974358974361,3.2326007326007327,3.3926739926739926,2.1947619047619047,1.8828937728937727,0.9200732600732602,0.5638827838827838,21.561904761904763
Nicolas Batum,4.847435897435898,1.105982905982906,2.8,1.37982905982906,0.4634188034188034,0.6539743589743591,0.4426923076923077,8.757264957264958
Nicolas Claxton,12.811111111111112,3.086752136752137,7.66153846153846,0.06183760683760685,1.4829487179487175,0.8591880341880344,1.4234615384615386,23.5525641025641
Nigel Hayes,2.2230303030303036,0.5248484848484849,1.3296969696969698,0.2366060606060606,0.29866666666666664,0.22648484848484846,0.09854545454545453,4.108484848484849
Nikola Jokic,26.792307692307688,10.078205128205129,12.32051282051282,1.8382478632478627,3.027393162393162,1.6447008547008546,0.6631196581196581,49.18803418803418
Nikola Jovic,10.681818181818183,2.9133333333333336,4.291515151515152,1.7801212121212122,1.2876969696969698,0.749939393939394,0.3081818181818182,17.88848484848485
Nikola Topic,0.0,0.0,0.0,0.0,0.0,0.0,0.0,0.0
Nikola Vucevic,18.00909090909091,3.469191919191919,9.744949494949495,1.7933838383838387,1.8687878787878784,0.8095959595959594,0.6733333333333333,31.206060606060603
Nique Clifford,4.75,1.3440170940170937,2.750854700854701,0.5517094017094017,0.7841025641025643,0.48606837606837605,0.28739316239316237,8.814957264957267
Noa Essengue,0.3,0.0,0.2,0.03,0.05,0.04,0.02,0.5
Noah Clowney,10.076923076923077,1.3166666666666667,4.123931623931624,1.9764102564102564,1.176880341880342,0.6088461538461538,0.4132478632478633,15.51965811965812
Noah Penda,1.422222222222222,0.4607407407407408,0.837037037037037,0.1337777777777778,0.23688888888888887,0.16051851851851853,0.10874074074074075,2.7296296296296294
Nolan Traore,2.0190476190476185,0.8666666666666666,0.47936507936507944,0.3173015873015873,0.47603174603174603,0.12936507936507938,0.09873015873015872,3.3682539682539683
Norman Powell,22.22,2.298787878787879,3.474545454545455,2.853939393939394,1.8106666666666666,1.065030303030303,0.2626060606060606,27.994545454545456
OG Anunoby,17.246666666666666,2.34962962962963,5.111111111111111,2.6174814814814815,1.283111111111111,1.4979999999999998,0.7666666666666667,24.714814814814815
Obi Toppin,13.699999999999998,2.5,4.833333333333333,2.1366666666666667,1.2466666666666668,0.6366666666666666,0.4366666666666667,21.03333333333333
Ochai Agbaji,4.158333333333333,0.6953703703703704,1.8222222222222224,0.6250925925925925,0.4327777777777777,0.381574074074074,0.18351851851851853,6.662962962962962
Olivier-Maxence Prosper,2.063131313131313,0.3616161616161616,1.245959595959596,0.1505050505050505,0.1884848484848485,0.17616161616161619,0.06888888888888887,3.7080808080808083
Onyeka Okongwu,13.012820512820513,2.26996336996337,7.983516483516484,0.9067765567765568,1.292783882783883,0.857032967032967,0.9814285714285715,23.263736263736263
Oso Ighodaro,4.705982905982906,1.277777777777778,3.4158119658119657,0.0144017094017094,0.7375213675213674,0.4659829059829059,0.40970085470085466,9.403846153846152
Ousmane Dieng,2.5860317460317463,0.6187301587301589,1.2920634920634924,0.38888888888888895,0.3471111111111112,0.24190476190476196,0.1275555555555556,4.484444444444446
P.J. Washington,14.365567765567768,2.2252747252747254,6.418315018315019,1.563882783882784,1.909157509157509,0.9402930402930403,0.9107326007326007,23.016849816849817
PJ Hall,0.3644444444444444,0.06444444444444446,0.23777777777777778,0.03155555555555556,0.043777777777777784,0.022444444444444447,0.03977777777777778,0.6666666666666667
Pacome Dadiet,0.544047619047619,0.07857142857142858,0.2857142857142857,0.11119047619047619,0.05869047619047619,0.051428571428571435,0.02738095238095238,0.8964285714285714
Paolo Banchero,24.37626262626263,4.74949494949495,7.426262626262627,1.7622222222222221,2.838080808080808,0.8638888888888888,0.5780303030303031,36.5439393939394
Pascal Siakam,24.428282828282832,5.085858585858585,7.347979797979799,1.815606060606061,2.173989898989899,1.0213131313131314,0.49656565656565654,36.861111111111114
Pat Connaughton,3.675925925925926,1.1657407407407407,1.7962962962962965,0.5907407407407407,0.4062037037037037,0.25842592592592595,0.11777777777777779,6.6305555555555555
Pat Spencer,2.4651515151515153,1.0308080808080808,0.930808080808081,0.18585858585858586,0.3584343434343434,0.2504040404040404,0.06363636363636364,4.407575757575758
Patrick Williams,7.633333333333332,1.3606060606060604,2.922727272727273,1.3465151515151517,1.0453030303030306,0.6475757575757576,0.4331313131313131,11.906565656565656
Paul George,12.6,2.6,3.8666666666666667,1.8433333333333335,1.71,1.0999999999999999,0.3433333333333333,19.066666666666666
Paul Reed,3.364102564102564,0.5827838827838827,2.331868131868132,0.1672161172161172,0.4232234432234432,0.44516483516483507,0.46377289377289377,6.270329670329671
Payton Pritchard,16.322222222222226,5.122857142857144,4.546349206349206,3.081142857142857,1.3029841269841271,0.9880000000000002,0.1642539682539683,25.983492063492065
Pelle Larsson,7.825757575757576,2.065151515151515,2.6297979797979796,1.042020202020202,0.8656060606060606,0.7293939393939394,0.18813131313131312,12.52070707070707
Pete Nance,0.2,0.1,0.2,0.04,0.03,0.03,0.01,0.4
Peyton Watson,6.555982905982906,1.254700854700855,3.0166666666666666,0.5617094017094016,0.7727777777777778,0.67508547008547,1.0235042735042736,10.863675213675213
Precious Achiuwa,5.583703703703703,0.7481481481481481,4.282962962962964,0.24844444444444444,0.6595555555555556,0.48296296296296304,0.5433333333333333,10.584444444444443
Quentin Grimes,15.156410256410258,3.8756410256410256,4.017094017094017,2.369059829059829,2.135982905982906,1.0508547008547011,0.31777777777777777,23.025641025641026
Quenton Jackson,9.666666666666666,3.7222222222222228,2.9222222222222225,0.8288888888888888,1.2494444444444444,0.7883333333333334,0.19166666666666665,16.31111111111111
Quinten Post,6.175,1.0754901960784313,3.5066176470588237,1.3838725490196075,0.7429166666666666,0.4018382352941176,0.36921568627450985,10.751225490196079
RJ Barrett,18.874747474747476,3.7737373737373736,5.598484848484849,1.7275252525252525,2.1286868686868683,0.7980808080808082,0.2781818181818182,28.236363636363635
Rasheer Fleming,1.3523809523809525,0.14603174603174604,0.6777777777777777,0.21603174603174602,0.16904761904761903,0.11936507936507937,0.13968253968253969,2.2095238095238097
RayJ Dennis,4.823030303030303,2.3593939393939394,1.4393939393939394,0.8361212121212122,0.7695757575757575,0.3694545454545454,0.14715151515151512,8.6
Rayan Rupert,1.646666666666667,0.4274074074074074,0.7325925925925925,0.22266666666666665,0.24155555555555555,0.15503703703703706,0.040740740740740744,2.7911111111111113
Reed Sheppard,9.967094017094016,2.908974358974359,2.366239316239316,2.059316239316239,1.2713675213675215,1.1256837606837606,0.415982905982906,15.224786324786324
Riley Minix,0.3,0.1,0.2,0.04,0.04,0.03,0.02,0.6
Rob Dillingham,4.295970695970697,2.1260073260073256,0.9970695970695969,0.4497069597069596,1.02,0.4228937728937729,0.06926739926739926,7.4483516483516485
Robert Williams,4.7369047619047615,0.8797619047619047,4.083333333333333,0.025000000000000005,0.5779761904761904,0.4204761904761905,0.9177380952380952,9.707142857142856
Ron Holland II,10.54761904761905,1.9152380952380952,3.8653968253968256,0.9088571428571428,1.3522222222222224,0.9623809523809527,0.3373968253968254,16.30666666666667
Royce ONeale,10.748290598290598,2.7196581196581193,4.931196581196581,3.02517094017094,1.040683760683761,0.9475641025641025,0.439059829059829,18.417521367521367
Rudy Gobert,11.452380952380953,1.3311355311355313,10.594139194139192,0.009230769230769232,1.233809523809524,0.7916483516483517,1.4374358974358974,23.38424908424908
Rui Hachimura,13.780606060606061,1.612121212121212,4.976969696969698,1.741878787878788,0.9998787878787879,0.779030303030303,0.41163636363636363,20.382424242424246
Russell Westbrook,13.554722222222223,5.334444444444443,5.720277777777778,1.5477777777777775,2.911722222222222,1.326888888888889,0.43222222222222223,24.587222222222223
Ryan Dunn,9.04102564102564,1.38974358974359,4.8820512820512825,1.2806837606837609,0.9007692307692309,0.8687606837606838,0.6864529914529913,15.303418803418802
Ryan Kalkbrenner,8.813131313131315,1.1434343434343437,7.271212121212121,0.10762626262626264,1.3744444444444441,0.626010101010101,1.9057070707070705,17.20353535353535
Ryan Nembhard,1.9396825396825397,1.0603174603174603,0.4587301587301587,0.3158730158730159,0.19698412698412698,0.17746031746031746,0.027142857142857146,3.458730158730159
Ryan Rollins,13.924444444444447,4.884126984126985,3.9488888888888893,1.8423809523809525,1.843777777777778,1.7207301587301587,0.5648253968253969,22.752380952380953
Saddiq Bey,11.116239316239316,1.679487179487179,4.576923076923076,1.7467948717948718,0.7442735042735042,0.6895299145299146,0.15871794871794875,17.37264957264957
Sam Hauser,8.664761904761907,1.0561904761904763,3.2825396825396833,2.4416190476190476,0.44273015873015875,0.5795555555555557,0.24619047619047624,13.0568253968254
Sam Merrill,11.001818181818184,2.276969696969697,2.7472727272727275,3.137515151515152,0.7321818181818182,0.7698787878787878,0.2084242424242424,16.014545454545456
Sandro Mamukelashvili,7.553030303030302,1.4893939393939393,4.471717171717172,0.9885858585858585,0.6952525252525253,0.46737373737373733,0.4025757575757576,13.491414141414142
Santi Aldama,12.491746031746034,2.6758730158730164,6.304761904761905,1.7703809523809528,1.1916190476190478,0.748825396825397,0.6541904761904763,21.468253968253972
Scottie Barnes,18.552525252525253,4.961616161616162,7.434848484848484,1.3870707070707071,2.3921212121212125,1.4293939393939392,1.0922727272727273,30.925757575757572
Shaedon Sharpe,20.81969696969697,2.6636363636363636,4.2823232323232325,2.4754040404040407,2.0985858585858588,0.8577777777777776,0.2534848484848485,27.7479797979798
Shai Gilgeous-Alexander,32.17396825396826,6.661904761904763,4.637777777777778,2.0825396825396827,2.310476190476191,1.6355555555555557,0.8572063492063495,43.46539682539682
Sidy Cissoko,2.8196969696969694,0.8297979797979796,1.3404040404040403,0.26353535353535357,0.35409090909090907,0.28101010101010104,0.07242424242424243,5.0085858585858585
Simone Fontecchio,8.219696969696969,1.1515151515151516,2.795959595959596,1.673181818181818,0.722020202020202,0.48393939393939395,0.20313131313131313,12.159090909090908
Sion James,6.8924242424242435,1.7702020202020203,3.1686868686868683,1.0645454545454547,0.9956060606060606,0.7171212121212122,0.31202020202020203,11.841414141414141
Spencer Jones,2.0626262626262624,0.3848484848484849,0.9202020202020201,0.2919191919191919,0.28545454545454546,0.35358585858585856,0.16146464646464648,3.3762626262626263
Stephen Curry,25.987912087912086,5.155311355311355,4.25018315018315,4.7897435897435905,2.74021978021978,1.0207692307692309,0.30813186813186816,35.413919413919416
Stephon Castle,17.789090909090913,6.5624242424242425,4.787878787878788,1.4455151515151514,2.8853333333333335,1.2875757575757576,0.337030303030303,29.143030303030304
Steven Adams,5.752136752136752,1.61025641025641,7.534615384615385,0.01,1.1632905982905983,0.6343589743589743,0.7253418803418803,14.88931623931624
Svi Mykhailiuk,8.947474747474748,2.1959595959595957,2.625252525252525,1.906010101010101,1.108737373737374,0.7101515151515151,0.17454545454545453,13.795454545454545
T.J. McConnell,9.473333333333333,4.183333333333334,2.2399999999999998,0.313,1.449,1.185,0.17233333333333334,15.966666666666667
Taelon Peter,2.377575757575758,0.7472727272727274,0.8381818181818181,0.4936363636363636,0.4344848484848485,0.21733333333333335,0.08066666666666666,3.947272727272727
Tari Eason,10.925454545454546,1.4945454545454546,5.09939393939394,1.313878787878788,1.1583636363636363,1.380121212121212,0.7564848484848484,17.51878787878788
Taurean Prince,4.510714285714286,1.1988095238095238,1.913095238095238,0.9561904761904763,0.6003571428571428,0.5580952380952381,0.19535714285714287,7.658333333333334
Taylor Hendricks,6.105185185185184,0.8392592592592591,3.729629629629629,1.0894814814814815,0.6014074074074074,0.6649629629629631,0.4665925925925926,10.652592592592592
Terance Mann,9.697863247863248,2.911111111111111,3.3008547008547007,1.1954273504273505,0.932051282051282,0.8029487179487178,0.2255128205128205,15.92051282051282
Terrence Shannon Jr.,6.949206349206349,1.5396825396825395,2.431746031746032,0.593015873015873,0.7573015873015873,0.48619047619047623,0.18714285714285714,10.880952380952381
Thomas Bryant,1.9733333333333334,0.1766666666666667,1.0533333333333335,0.1993333333333333,0.171,0.11066666666666668,0.1486666666666667,3.253333333333333
Thomas Sorber,0.0,0.0,0.0,0.0,0.0,0.0,0.0,0.0
Tidjane Salaun,4.173333333333334,0.7866666666666667,3.0166666666666666,0.6839999999999999,0.5796666666666667,0.3203333333333333,0.17466666666666666,7.9766666666666675
Tim Hardaway Jr.,9.774358974358973,1.3675213675213675,2.023076923076923,2.0853846153846156,0.6071794871794872,0.4926923076923077,0.10457264957264957,13.163675213675214
Tobias Harris,14.51785714285714,2.373809523809524,5.572619047619047,1.4310714285714285,1.1851190476190476,0.9547619047619048,0.635,22.504761904761907
Tolu Smith,0.25,0.027777777777777776,0.1111111111111111,0.024999999999999998,0.027777777777777776,0.016666666666666666,0.013888888888888888,0.38888888888888884
Tony Bradley,5.968686868686869,0.8414141414141415,4.291414141414141,0.08813131313131314,0.6791919191919191,0.3353030303030303,0.5066161616161617,11.091919191919192
Tosan Evbuomwan,0.0,0.0,0.0,0.0,0.0,0.0,0.0,0.0
Toumani Camara,13.255982905982906,2.806837606837607,5.405982905982907,2.242179487179487,1.534017094017094,1.5034615384615382,0.6361111111111111,21.462393162393166
Trae Young,23.933333333333334,9.979999999999999,2.966666666666667,2.8413333333333335,4.2956666666666665,1.1793333333333331,0.17133333333333337,36.86
Trayce Jackson-Davis,2.062820512820513,0.4974358974358974,1.4696581196581195,0.001794871794871795,0.25354700854700857,0.13769230769230767,0.2185470085470085,4.003418803418803
Tre Johnson,11.07020202020202,1.9722222222222223,3.104545454545454,1.8390909090909093,1.3542424242424245,0.5302020202020201,0.3112121212121212,16.15757575757576
Tre Jones,11.05151515151515,5.544242424242425,3.2248484848484855,0.5857575757575758,1.4315757575757575,1.1932727272727273,0.1680606060606061,19.82181818181818
Tre Mann,11.438383838383837,3.28939393939394,2.889393939393939,1.8043939393939392,1.59010101010101,0.7626262626262625,0.1527272727272727,17.60909090909091
Trendon Watford,8.586666666666666,3.1955555555555555,4.017037037037037,0.5182222222222223,1.5671111111111111,0.6353333333333333,0.3055555555555556,15.811111111111108
Trey Jemison,0.0,0.0,0.0,0.0,0.0,0.0,0.0,0.0
Trey Murphy III,19.227350427350423,3.8487179487179484,5.378205128205127,3.023547008547008,1.5507692307692305,1.0720940170940172,0.5714529914529916,28.447008547008547
Tristan Da Silva,9.054999999999998,1.4144444444444444,3.5049999999999994,1.4549166666666666,0.8276666666666666,0.5893055555555555,0.2525833333333333,13.950555555555558
Tristan Vukcevic,3.3252525252525253,0.4101010101010101,1.4116161616161618,0.3937373737373737,0.4467676767676768,0.14893939393939393,0.22292929292929292,5.134848484848486
Tyler Kolek,1.8072727272727276,1.356969696969697,0.5993939393939395,0.2962424242424242,0.35624242424242425,0.20672727272727273,0.06175757575757577,3.7678787878787876
Tyrese Martin,8.403846153846155,2.4999999999999996,3.119230769230769,1.544871794871795,1.1295299145299147,0.566025641025641,0.1438034188034188,14.022649572649572
Tyrese Maxey,29.15940170940171,7.058119658119658,3.7243589743589745,3.657051282051282,2.346880341880341,1.373247863247863,0.41350427350427355,39.947863247863246
Tyrese Proctor,3.852121212121212,1.201818181818182,1.0345454545454547,0.6646666666666667,0.5367878787878787,0.3524242424242425,0.09448484848484846,6.088484848484848
Tyson Etienne,0.9297619047619047,0.3011904761904762,0.30357142857142855,0.15726190476190474,0.13892857142857143,0.08142857142857142,0.027619047619047623,1.5273809523809525
Tyus Jones,4.941666666666666,2.475277777777778,1.276111111111111,0.976611111111111,0.5355833333333333,0.5316666666666666,0.07069444444444445,8.696388888888889
VJ Edgecombe,16.058119658119658,3.9529914529914536,5.047435897435896,2.097777777777778,1.9949999999999999,1.4740170940170938,0.4031196581196581,25.052564102564105
Victor Wembanyama,26.490370370370368,4.092592592592593,11.97925925925926,1.9415555555555557,2.7944444444444443,1.2547407407407407,3.9386666666666668,42.56370370370371
Vince Williams Jr.,7.996363636363636,2.619393939393939,3.3078787878787876,1.441878787878788,1.4123030303030302,0.634,0.26836363636363636,13.92
Vit Krejci,3.798534798534799,1.0534798534798537,1.2395604395604394,0.8655311355311355,0.4426373626373627,0.3105494505494506,0.17073260073260071,6.061172161172162
Vladislav Goldin,0.5388888888888889,0.03333333333333333,0.47222222222222215,0.0,0.07166666666666667,0.017777777777777778,0.053888888888888896,1.0833333333333333
Walker Kessler,11.476666666666667,2.3666666666666667,10.360000000000001,0.26333333333333336,1.4333333333333333,0.6696666666666666,2.1943333333333332,24.18666666666667
Walter Clayton Jr.,5.916666666666666,2.417948717948718,1.799145299145299,0.8671794871794872,1.065982905982906,0.5268376068376067,0.14094017094017092,10.132478632478632
Wendell Carter Jr.,11.338888888888889,2.093611111111111,8.136388888888888,0.9937777777777779,1.4475555555555555,0.7104166666666667,0.65525,21.58611111111111
Wendell Moore Jr.,0.0,0.0,0.0,0.0,0.0,0.0,0.0,0.0
Will Richard,5.990196078431373,1.150735294117647,2.157352941176471,0.8831372549019608,0.6233823529411765,0.7171568627450979,0.16134803921568627,9.295833333333333
Will Riley,1.5824074074074073,0.37592592592592594,0.7712962962962963,0.11953703703703704,0.20925925925925928,0.06601851851851852,0.0625925925925926,2.7175925925925926
Xavier Tillman,1.6794871794871797,0.44322344322344315,1.4351648351648352,0.22014652014652017,0.25025641025641027,0.325018315018315,0.19029304029304028,3.5344322344322343
Yang Hansen,2.6357142857142857,0.530952380952381,1.769047619047619,0.21214285714285716,0.5210714285714285,0.1513095238095238,0.2794047619047619,4.921428571428572
Yanic Konan Niederhauser,0.4,0.1,0.2,0.0,0.04,0.03,0.03,0.6
Yves Missi,5.519999999999999,0.9727272727272728,5.224848484848485,0.007030303030303031,0.7351515151515152,0.37854545454545446,0.8166060606060607,11.71030303030303
Zaccharie Risacher,12.542307692307691,1.3632478632478633,3.4025641025641025,1.6976495726495728,1.3328205128205128,0.8020940170940171,0.46384615384615385,17.30042735042735
Zach Edey,11.411111111111113,1.488888888888889,8.511111111111111,0.38111111111111107,1.5166666666666666,0.7877777777777778,1.3711111111111112,21.45555555555556
Zach Lavine,21.335164835164836,3.195238095238095,3.757509157509158,2.9226007326007326,2.263369963369963,0.7765934065934067,0.21578754578754578,28.293040293040296
Zeke Nnaji,0.513095238095238,0.07500000000000001,0.29404761904761906,0.049999999999999996,0.05023809523809524,0.04750000000000001,0.08166666666666667,0.8476190476190476
Ziaire Williams,9.700606060606061,1.2563636363636361,3.256969696969697,1.8780000000000001,1.0313333333333332,0.7736969696969698,0.29939393939393943,14.190909090909093
Zion Williamson,22.04285714285714,4.8619047619047615,6.526190476190476,0.1523809523809524,2.6317857142857144,1.0789285714285715,0.6672619047619047,33.41428571428571
